{"X":211.28772,"Y":2439.1816,"Z":58.957047,"Creator":"Chelton"}