{"X":167.51845,"Y":2263.2458,"Z":92.357475,"Creator":"Chelton"}