{"X":87.54542,"Y":-1944.2406,"Z":20.744467}