{"X":160.01134,"Y":-1000.28503,"Z":29.351418}