{"X":-87.043365,"Y":-1030.4318,"Z":28.170658,"Creator":"Chelton"}