{"X":900.5779,"Y":16.40272,"Z":78.87615,"Creator":"Chelton"}