{"X":-2972.2056,"Y":473.89517,"Z":15.386653,"Creator":"Chelton"}