{"X":-119.28137,"Y":-973.44385,"Z":292.73428,"Creator":"Bonch_Bruevich"}