{"X":-306.72302,"Y":-611.28687,"Z":33.557053,"Creator":"Chelton"}