{"X":317.50003,"Y":-1376.808,"Z":31.928207}