{"X":-82.30186,"Y":-1427.8698,"Z":29.697765,"Creator":"Chelton"}