{"X":246.60794,"Y":-382.1163,"Z":44.567318}