{"X":-533.64105,"Y":-252.99484,"Z":35.75449}