{"X":785.36127,"Y":-2989.0815,"Z":6.0210557,"Creator":"Chelton"}