{"X":-806.09985,"Y":-2650.357,"Z":13.154748,"Creator":"Chelton"}