{"X":-1086.5864,"Y":-264.87894,"Z":37.734104,"Creator":"Chelton"}