{"X":3.5649984,"Y":522.04254,"Z":170.62747,"Creator":"Bonch"}