{"X":-435.23117,"Y":6024.4966,"Z":31.487804,"Creator":"Chelton"}