{"X":-230.84007,"Y":-907.9412,"Z":31.626976,"Creator":"Bonch"}