{"X":209.41261,"Y":1169.133,"Z":227.00197,"Creator":"Chelton"}