{"X":346.78992,"Y":-1806.5273,"Z":28.421173,"Creator":"Chelton"}