{"X":134.36208,"Y":-1310.0579,"Z":29.025316,"Creator":"Bonch"}